Player,Team,cluster,
강상재,원주 DB,1,https://kbl.or.kr/files/kbl/players-photo/291001.png
게이지 프림,울산 현대모비스,2,https://kbl.or.kr/files/kbl/players-photo/291579.png
고메즈 델 리아노,서울 SK,5,https://kbl.or.kr/files/kbl/players-photo/291677.png
곽정훈,대구 한국가스공사,4,https://kbl.or.kr/files/kbl/players-photo/291350.png
글렌 로빈슨 3세,서울 삼성,2,https://kbl.or.kr/files/kbl/players-photo/291780.png
김경원,안양 정관장,3,https://kbl.or.kr/files/kbl/players-photo/291275.png
김국찬,울산 현대모비스,4,https://kbl.or.kr/files/kbl/players-photo/291087.png
김낙현,대구 한국가스공사,5,https://kbl.or.kr/files/kbl/players-photo/291068.png
김동량,대구 한국가스공사,3,https://kbl.or.kr/files/kbl/players-photo/290437.png
김동현,부산 KCC,4,https://kbl.or.kr/files/kbl/players-photo/291490.png
김민욱,고양 소노,1,https://kbl.or.kr/files/kbl/players-photo/290549.png
김보배,원주 DB,3,https://kbl.or.kr/files/kbl/players-photo/291752.png
김선형,서울 SK,0,https://kbl.or.kr/files/kbl/players-photo/290407.png
김시래,원주 DB,0,https://kbl.or.kr/files/kbl/players-photo/290505.png
김영현,안양 정관장,4,https://kbl.or.kr/files/kbl/players-photo/290741.png
김영훈,고양 소노,4,https://kbl.or.kr/files/kbl/players-photo/290777.png
김준일,대구 한국가스공사,3,https://kbl.or.kr/files/kbl/players-photo/290781.png
김준일,울산 현대모비스,3,https://kbl.or.kr/files/kbl/players-photo/290781.png
김진유,고양 소노,4,https://kbl.or.kr/files/kbl/players-photo/290997.png
김태훈,서울 SK,4,https://kbl.or.kr/files/kbl/players-photo/291759.png
김형빈,서울 SK,1,https://kbl.or.kr/files/kbl/players-photo/291303.png
김훈,원주 DB,1,https://kbl.or.kr/files/kbl/players-photo/291287.png
대릴 먼로,창원 LG,2,https://kbl.or.kr/files/kbl/players-photo/291144.png
도노반 스미스,부산 KCC,3,https://kbl.or.kr/files/kbl/players-photo/291779.png
두경민,창원 LG,0,https://kbl.or.kr/files/kbl/players-photo/290738.png
디온테 버튼,안양 정관장,2,https://kbl.or.kr/files/kbl/players-photo/291058.png
디제이 번즈 Jr,고양 소노,2,https://kbl.or.kr/files/kbl/players-photo/291696.png
레이션 해먼즈,수원 KT,2,https://kbl.or.kr/files/kbl/players-photo/291698.png
로버트 카터,원주 DB,2,
리온 윌리엄스,부산 KCC,3,
마이클 영,안양 정관장,2,
마커스 데릭슨,서울 삼성,2,
문성곤,수원 KT,4,https://kbl.or.kr/files/kbl/players-photo/290661.png
문정현,수원 KT,1,https://kbl.or.kr/files/kbl/players-photo/291667.png
미구엘 옥존,울산 현대모비스,0,https://kbl.or.kr/files/kbl/players-photo/291692.png
민기남,고양 소노,5,https://kbl.or.kr/files/kbl/players-photo/291659.png
박무빈,울산 현대모비스,0,https://kbl.or.kr/files/kbl/players-photo/291649.png
박봉진,원주 DB,4,https://kbl.or.kr/files/kbl/players-photo/290904.png
박성재,수원 KT,0,https://kbl.or.kr/files/kbl/players-photo/291766.png
박승재,서울 삼성,0,https://kbl.or.kr/files/kbl/players-photo/291660.png
박인웅,원주 DB,4,https://kbl.or.kr/files/kbl/players-photo/291588.png
박정웅,안양 정관장,0,https://kbl.or.kr/files/kbl/players-photo/291746.png
박정현,창원 LG,3,https://kbl.or.kr/files/kbl/players-photo/291291.png
박종하,고양 소노,0,https://kbl.or.kr/files/kbl/players-photo/291641.png
박준영,수원 KT,1,https://kbl.or.kr/files/kbl/players-photo/291226.png
박지원,수원 KT,5,https://kbl.or.kr/files/kbl/players-photo/291352.png
박지훈,안양 정관장,0,https://kbl.or.kr/files/kbl/players-photo/291008.png
박지훈B,대구 한국가스공사,4,https://kbl.or.kr/files/kbl/players-photo/290503.png
박진철,고양 소노,3,https://kbl.or.kr/files/kbl/players-photo/291370.png
배병준,안양 정관장,0,https://kbl.or.kr/files/kbl/players-photo/290553.png
변준형,안양 정관장,5,https://kbl.or.kr/files/kbl/players-photo/291220.png
샘조세프 벨란겔,대구 한국가스공사,5,https://kbl.or.kr/files/kbl/players-photo/291556.png
서명진,울산 현대모비스,0,https://kbl.or.kr/files/kbl/players-photo/291189.png
서민수,원주 DB,1,https://kbl.or.kr/files/kbl/players-photo/290599.png
소준혁,안양 정관장,4,https://kbl.or.kr/files/kbl/players-photo/291747.png
송창용,안양 정관장,4,https://kbl.or.kr/files/kbl/players-photo/290372.png
숀 롱,울산 현대모비스,2,https://kbl.or.kr/files/kbl/players-photo/291342.png
신민석,울산 현대모비스,4,https://kbl.or.kr/files/kbl/players-photo/291493.png
신승민,대구 한국가스공사,4,https://kbl.or.kr/files/kbl/players-photo/291479.png
신주영,대구 한국가스공사,1,https://kbl.or.kr/files/kbl/players-photo/291668.png
아셈 마레이,창원 LG,2,https://kbl.or.kr/files/kbl/players-photo/291432.png
아이재아 힉스,서울 SK,2,https://kbl.or.kr/files/kbl/players-photo/291333.png
안영준,서울 SK,1,https://kbl.or.kr/files/kbl/players-photo/291084.png
알파 카바,고양 소노,3,
앤드류 니콜슨,대구 한국가스공사,2,https://kbl.or.kr/files/kbl/players-photo/291430.png
앨런 윌리엄스,고양 소노,2,https://kbl.or.kr/files/kbl/players-photo/291695.png
양재혁,대구 한국가스공사,4,https://kbl.or.kr/files/kbl/players-photo/291274.png
양준석,창원 LG,5,https://kbl.or.kr/files/kbl/players-photo/291576.png
여준형,부산 KCC,3,https://kbl.or.kr/files/kbl/players-photo/291592.png
오마리 스펠맨,원주 DB,2,https://kbl.or.kr/files/kbl/players-photo/291475.png
오세근,서울 SK,1,https://kbl.or.kr/files/kbl/players-photo/290450.png
오재현,서울 SK,0,https://kbl.or.kr/files/kbl/players-photo/291368.png
우동현,대구 한국가스공사,5,https://kbl.or.kr/files/kbl/players-photo/291182.png
유기상,창원 LG,0,https://kbl.or.kr/files/kbl/players-photo/291640.png
유슈 은도예,대구 한국가스공사,3,
윤성원,서울 삼성,1,https://kbl.or.kr/files/kbl/players-photo/291095.png
이경도,창원 LG,0,https://kbl.or.kr/files/kbl/players-photo/291644.png
이관희,원주 DB,0,https://kbl.or.kr/files/kbl/players-photo/290440.png
이근준,고양 소노,1,https://kbl.or.kr/files/kbl/players-photo/291748.png
이근휘,부산 KCC,4,https://kbl.or.kr/files/kbl/players-photo/291374.png
이대헌,대구 한국가스공사,1,https://kbl.or.kr/files/kbl/players-photo/290603.png
이대헌,울산 현대모비스,1,https://kbl.or.kr/files/kbl/players-photo/290603.png
이두원,수원 KT,3,https://kbl.or.kr/files/kbl/players-photo/291586.png
이선 알바노,원주 DB,5,https://kbl.or.kr/files/kbl/players-photo/291511.png
이스마엘 로메로,수원 KT,3,
이승우,울산 현대모비스,4,https://kbl.or.kr/files/kbl/players-photo/291485.png
이승현,부산 KCC,1,https://kbl.or.kr/files/kbl/players-photo/290787.png
이용우,원주 DB,4,https://kbl.or.kr/files/kbl/players-photo/291355.png
이우석,울산 현대모비스,0,https://kbl.or.kr/files/kbl/players-photo/291375.png
이원대,서울 삼성,5,https://kbl.or.kr/files/kbl/players-photo/290547.png
이원석,서울 삼성,1,https://kbl.or.kr/files/kbl/players-photo/291478.png
이재도,고양 소노,0,https://kbl.or.kr/files/kbl/players-photo/290765.png
이정현,서울 삼성,5,https://kbl.or.kr/files/kbl/players-photo/290381.png
이정현B,고양 소노,5,https://kbl.or.kr/files/kbl/players-photo/291488.png
이종현,안양 정관장,1,https://kbl.or.kr/files/kbl/players-photo/290987.png
이주영,부산 KCC,0,https://kbl.or.kr/files/kbl/players-photo/291651.png
이현석,수원 KT,4,https://kbl.or.kr/files/kbl/players-photo/290783.png
임동섭,고양 소노,4,https://kbl.or.kr/files/kbl/players-photo/290542.png
자밀 워니,서울 SK,2,https://kbl.or.kr/files/kbl/players-photo/291248.png
장문호,서울 SK,1,https://kbl.or.kr/files/kbl/players-photo/290998.png
장민국,창원 LG,1,https://kbl.or.kr/files/kbl/players-photo/290478.png
장재석,울산 현대모비스,3,https://kbl.or.kr/files/kbl/players-photo/290539.png
저스틴 구탕,서울 삼성,0,https://kbl.or.kr/files/kbl/players-photo/291512.png
전성현,창원 LG,5,https://kbl.or.kr/files/kbl/players-photo/290763.png
전준범,부산 KCC,4,https://kbl.or.kr/files/kbl/players-photo/290740.png
정성우,대구 한국가스공사,0,https://kbl.or.kr/files/kbl/players-photo/290901.png
정성조,고양 소노,0,https://kbl.or.kr/files/kbl/players-photo/291750.png
정인덕,창원 LG,4,https://kbl.or.kr/files/kbl/players-photo/290996.png
정준원,안양 정관장,4,https://kbl.or.kr/files/kbl/players-photo/290489.png
정창영,부산 KCC,5,https://kbl.or.kr/files/kbl/players-photo/290454.png
정효근,안양 정관장,1,https://kbl.or.kr/files/kbl/players-photo/290790.png
정효근,원주 DB,1,https://kbl.or.kr/files/kbl/players-photo/290790.png
정희재,고양 소노,1,https://kbl.or.kr/files/kbl/players-photo/290529.png
제레미아 틸먼,수원 KT,3,
조니 오브라이언트,안양 정관장,2,https://kbl.or.kr/files/kbl/players-photo/291500.png
조엘 카굴랑안,수원 KT,5,https://kbl.or.kr/files/kbl/players-photo/291777.png
조은후,고양 소노,0,https://kbl.or.kr/files/kbl/players-photo/291499.png
차민석,서울 삼성,1,https://kbl.or.kr/files/kbl/players-photo/291362.png
차바위,대구 한국가스공사,4,https://kbl.or.kr/files/kbl/players-photo/290488.png
최부경,서울 SK,1,https://kbl.or.kr/files/kbl/players-photo/290485.png
최성모,서울 삼성,5,https://kbl.or.kr/files/kbl/players-photo/290985.png
최성원,안양 정관장,0,https://kbl.or.kr/files/kbl/players-photo/291070.png
최성원,원주 DB,4,https://kbl.or.kr/files/kbl/players-photo/291070.png
최승욱,서울 삼성,4,https://kbl.or.kr/files/kbl/players-photo/291005.png
최승욱B,고양 소노,4,https://kbl.or.kr/files/kbl/players-photo/290785.png
최원혁,서울 SK,4,https://kbl.or.kr/files/kbl/players-photo/290784.png
최준용,부산 KCC,1,https://kbl.or.kr/files/kbl/players-photo/290993.png
최진광,수원 KT,5,https://kbl.or.kr/files/kbl/players-photo/291293.png
최진수,창원 LG,1,https://kbl.or.kr/files/kbl/players-photo/290417.png
최창진,수원 KT,5,https://kbl.or.kr/files/kbl/players-photo/290585.png
최현민,서울 삼성,4,https://kbl.or.kr/files/kbl/players-photo/290501.png
최형찬,창원 LG,4,https://kbl.or.kr/files/kbl/players-photo/291771.png
치나누 오누아쿠,원주 DB,2,https://kbl.or.kr/files/kbl/players-photo/291261.png
칼 타마요,창원 LG,1,https://kbl.or.kr/files/kbl/players-photo/291699.png
캐디 라렌,부산 KCC,3,https://kbl.or.kr/files/kbl/players-photo/291242.png
캐디 라렌,안양 정관장,3,https://kbl.or.kr/files/kbl/players-photo/291242.png
캘빈 에피스톨라,부산 KCC,0,https://kbl.or.kr/files/kbl/players-photo/291627.png
케빈 켐바오,고양 소노,1,https://kbl.or.kr/files/kbl/players-photo/291778.png
코피 코번,서울 삼성,3,https://kbl.or.kr/files/kbl/players-photo/291674.png
클리프 알렉산더,안양 정관장,1,
하비 고메즈,안양 정관장,1,https://kbl.or.kr/files/kbl/players-photo/291700.png
하윤기,수원 KT,3,https://kbl.or.kr/files/kbl/players-photo/291492.png
한승희,안양 정관장,1,https://kbl.or.kr/files/kbl/players-photo/291372.png
한호빈,울산 현대모비스,0,https://kbl.or.kr/files/kbl/players-photo/290754.png
한희원,수원 KT,4,https://kbl.or.kr/files/kbl/players-photo/290583.png
함지훈,울산 현대모비스,1,https://kbl.or.kr/files/kbl/players-photo/290100.png
허웅,부산 KCC,0,https://kbl.or.kr/files/kbl/players-photo/290776.png
허일영,창원 LG,4,https://kbl.or.kr/files/kbl/players-photo/290284.png
허훈,수원 KT,5,https://kbl.or.kr/files/kbl/players-photo/291085.png